lemma	commons_file	original_sha1	licence	author	licence_url	source_url
sugar	File:Sugar 2xmacro.jpg	d0c461f6565908adbe98e16b284b2e8576c45ffe	CC BY-SA 3.0	Lauri Andler (Phantom)	https://creativecommons.org/licenses/by-sa/3.0/	https://commons.wikimedia.org/wiki/File:Sugar_2xmacro.jpg
flag	File:Palais des Nations unies, à Genève (cropped).jpg	8d47508771a507524fdf4f45d135fd1d78bebd97	CC0	Groov3	https://creativecommons.org/publicdomain/zero/1.0/deed.en	https://commons.wikimedia.org/wiki/File:Palais_des_Nations_unies,_%C3%A0_Gen%C3%A8ve_(cropped).jpg
jungle	File:Jungle.jpg	0a367695fd4d55092ea5156bfb92fbf3e3fa0415	Public domain	No machine-readable author provided. Perojevic assumed (based on copyright claims).		https://commons.wikimedia.org/wiki/File:Jungle.jpg
steak	File:Tomahawk steaks 03.jpg	cf65bffa35d9bc024fce634887304b113e7e8c10	CC BY-SA 4.0	Pannet	https://creativecommons.org/licenses/by-sa/4.0	https://commons.wikimedia.org/wiki/File:Tomahawk_steaks_03.jpg
rib	File:Costillas.png	1b0923e560535bbfefdc913b88d0d2d9cd92a9aa	Public domain	Cristobal carrasco		https://commons.wikimedia.org/wiki/File:Costillas.png
bicycle	File:00 8327 Historisches Fahrrad.jpg	1cec12bd0f7892e4133a2a4f7a8d5cc6e9233787	CC BY-SA 4.0	W. Bulach	https://creativecommons.org/licenses/by-sa/4.0	https://commons.wikimedia.org/wiki/File:00_8327_Historisches_Fahrrad.jpg
shrimp	File:Palaemon serratus Croazia.jpg	400494ebd1a75937f35f33f92332cd3655f63fdd	Public domain	Etrusko25		https://commons.wikimedia.org/wiki/File:Palaemon_serratus_Croazia.jpg
swan	File:Cygnus olor 2 (Marek Szczepanek).jpg	09b33c8921fb5bee051092ea7cf2f6d516472203	CC BY-SA 3.0	Marek Szczepanek	https://creativecommons.org/licenses/by-sa/3.0/	https://commons.wikimedia.org/wiki/File:Cygnus_olor_2_(Marek_Szczepanek).jpg
gown	File:Indian Gown 01.jpg	9d52e0ea43dcaf381fab73fab9eb96b795f0a41f	CC BY-SA 4.0	MedhaRamakunja	https://creativecommons.org/licenses/by-sa/4.0	https://commons.wikimedia.org/wiki/File:Indian_Gown_01.jpg
wheelchair	File:WheelchairSeatingNTSB.jpg	6da524b48b759d2374e4e2b7c6ea648564dd7d60	Public domain			https://commons.wikimedia.org/wiki/File:WheelchairSeatingNTSB.jpg
globe	File:Globe terrestre - Dressé par J. Forest, Géographe - btv1b10061789v (01 of 14).jpg	f3a6a9b6890f5587c9bc66272a9bfe82ec26f270	Public domain	Forest, Joseph (1865-1942). Cartographe		https://commons.wikimedia.org/wiki/File:Globe_terrestre_-_Dress%C3%A9_par_J._Forest,_G%C3%A9ographe_-_btv1b10061789v_(01_of_14).jpg
wheat	File:Wheat close-up.JPG	a1bdc45c18e7e7e36dc6f4f4f5a8ebe175599738	CC BY-SA 3.0	User:Bluemoose	https://creativecommons.org/licenses/by-sa/3.0/	https://commons.wikimedia.org/wiki/File:Wheat_close-up.JPG
mist	File:Mist - Ensay region3.jpg	ce6a1e52b48f45c15a52eb6c0fcea5284d5dca1f	CC BY-SA 3.0	benjamint444	https://creativecommons.org/licenses/by-sa/3.0/	https://commons.wikimedia.org/wiki/File:Mist_-_Ensay_region3.jpg
mango	File:Mangga aneka 071019-0835 tmo.jpg	3294a57f0e4c06be474d56052185fe4ae1365f78	CC BY-SA 3.0	W.A. Djatmiko ( Wie146 )	https://creativecommons.org/licenses/by-sa/3.0	https://commons.wikimedia.org/wiki/File:Mangga_aneka_071019-0835_tmo.jpg
cucumber	File:Kurkkuja.jpg	b1003e74ac62da28a2b264e460bfda91230b1127	CC BY-SA 3.0	Photo taken by Muu-karhu	https://creativecommons.org/licenses/by-sa/3.0/	https://commons.wikimedia.org/wiki/File:Kurkkuja.jpg
heater	File:Fan heater 2005.jpg	bf9a42cb003a1759f69a0c893dc357bab0895bee	CC BY-SA 3.0	No machine-readable author provided. Roger McLassus 1951 assumed (based on copyright claims).	https://creativecommons.org/licenses/by-sa/3.0/	https://commons.wikimedia.org/wiki/File:Fan_heater_2005.jpg
bookstore	File:ChungyoEslite fullsize.png	2c84a616ad749c7149d937b239fb002217a0c94c	CC BY-SA 3.0	Essolo	https://creativecommons.org/licenses/by-sa/3.0/	https://commons.wikimedia.org/wiki/File:ChungyoEslite_fullsize.png
bartender	File:Atilla stil ates kokteylleri.jpg	b587e1545888ed47f70004414c2816145e3fbc18	CC BY-SA 3.0	Cocktailmasters	https://creativecommons.org/licenses/by-sa/3.0	https://commons.wikimedia.org/wiki/File:Atilla_stil_ates_kokteylleri.jpg
